<?xml version="1.0" encoding="UTF-8" ?>
<!DOCTYPE configuration
  PUBLIC "-//mybatis.org//DTD Config 3.0//EN"
  "http://mybatis.org/dtd/mybatis-3-config.dtd">
<configuration>

	<typeAliases>

		<typeAlias alias="members"
			type="kr.ac.hansung.cse.model.Members" />
		<typeAlias alias="photo"
			type="kr.ac.hansung.cse.model.Product" />
	</typeAliases>

	<mappers>

		<mapper resource="mapper/user-Mapper.xml" />
		<mapper resource="mapper/photo-Mapper.xml" />
	</mappers>

</configuration>