<?xml version="1.0" encoding="UTF-8"?>
<beans xmlns="http://www.springframework.org/schema/beans"
	xmlns:xsi="http://www.w3.org/2001/XMLSchema-instance"
	xmlns:context="http://www.springframework.org/schema/context"
	xmlns:util="http://www.springframework.org/schema/util"
	xmlns:tx="http://www.springframework.org/schema/tx"
	xmlns:aop="http://www.springframework.org/schema/aop"
	xmlns:lang="http://www.springframework.org/schema/lang"
	xsi:schemaLocation="http://www.springframework.org/schema/beans http://www.springframework.org/schema/beans/spring-beans.xsd
		http://www.springframework.org/schema/context http://www.springframework.org/schema/context/spring-context-4.3.xsd
		http://www.springframework.org/schema/lang http://www.springframework.org/schema/lang/spring-lang-4.3.xsd
		http://www.springframework.org/schema/aop http://www.springframework.org/schema/aop/spring-aop-4.3.xsd
		http://www.springframework.org/schema/tx http://www.springframework.org/schema/tx/spring-tx-4.3.xsd
		http://www.springframework.org/schema/util http://www.springframework.org/schema/util/spring-util-4.3.xsd">

	<bean id="dataSource"
		class="org.apache.commons.dbcp2.BasicDataSource"
		destroy-method="close">
		<property name="driverClassName"
			value="${jdbc.driverClassName}" />
		<property name="url" value="${jdbc.url}" />
		<property name="username" value="${jdbc.username}" />
		<property name="password" value="${jdbc.password}" />
	</bean>
	
	<context:property-placeholder
		location="/WEB-INF/props/jdbc.properties" />
	<!-- basicDatasource라고하는 bean을 등록해주고 spring containerdpdmlgotj 만들어주고 drivername, 
		url..등은 properties에 있다 -->

	<!-- SqlSessionFactory -->
	<bean id="sqlSessionFactory"
		class="org.mybatis.spring.SqlSessionFactoryBean">
		<property name="dataSource" ref="dataSource"></property>
		<property name="configLocation" value="/WEB-INF/spring/mybatis/mybatis-config.xml"></property>
	<!-- 	<property name="mapperLocations" value="classpath*:mapper/**/*.xml"></property> -->
		<!-- <property name="configLocation" value="classpath*:mapper/**"></property> -->
	</bean>

	<!-- SqlSessionTemplate -->
	<bean id="sqlSessoinTemplate"
		class="org.mybatis.spring.SqlSessionTemplate"
		destroy-method="clearCache">
		<constructor-arg name="sqlSessionFactory"
			ref="sqlSessionFactory"></constructor-arg>
	</bean>


	<!-- jdbc.properties를 읽어들어서 placeholder부분을 채워나간다=>우리가 만들어야하는 부분=>hellospringMVC의 
		/WEB-INF/props를 카피 -->

	<context:annotation-config></context:annotation-config>
	<context:component-scan
		base-package="kr.ac.hansung.cse.dao"></context:component-scan>


	<!-- <bean id="lobHandler" class="org.springframework.jdbc.support.lob.OracleLobHandler"> 
		<property name="nativeJdbcExtractor" ref="nativeJdbcExtractor"> </property> 
		</bean> <bean id="nativeJdbcExtractor" class="org.springframework.jdbc.support.nativejdbc.CommonsDbcpNativeJdbcExtractor"> 
		</bean> -->


</beans>
