<?xml version="1.0" encoding="UTF-8"?>
<b:beans xmlns="http://www.springframework.org/schema/security"
	xmlns:b="http://www.springframework.org/schema/beans"
	xmlns:xsi="http://www.w3.org/2001/XMLSchema-instance"
	xsi:schemaLocation="http://www.springframework.org/schema/beans http://www.springframework.org/schema/beans/spring-beans.xsd
						http://www.springframework.org/schema/security http://www.springframework.org/schema/security/spring-security.xsd">




	<!-- provider -->
	<authentication-manager>
		<authentication-provider>
		
		<user-service>
			<user name="cjfwoqkr0105@naver.com" authorities="ROLE_USER" password="{noop}qwer1234" />
		</user-service>
		<!-- <jdbc-user-service data-source-ref="dataSource"
		users-by-username-query="select email,password from memebers where email=?"/> -->
		
		</authentication-provider>
	</authentication-manager>
	
	
	<http auto-config="true" use-expressions="true">
		
		<intercept-url pattern="/" access="permitAll" />
		<intercept-url pattern="/logins" access="permitAll" />
		<!-- <intercept-url pattern="/registers"
			access="isAuthenticated()" />
		<intercept-url pattern="/products"
			access="isAuthenticated()" /> -->
		<intercept-url pattern="/resources/**"
			access= "permitAll" />
		<intercept-url pattern="/**" access="denyAll" />

		<form-login login-page="/logins"
			authentication-failure-url="logins?error" /> 
			<!--  authentication-success-handler-ref="loginSuccessHandler"
			authentication-failure-handler-ref="loginFailureHandler"-->

	<!-- 	<logout invalidate-session="true" logout-url="/logout"
			logout-success-url="/logins?status=logout"
			delete-cookies="JSESSIONID,SPRING_SECURITY_REMEMBER_ME_COOKIE" />

		<remember-me remember-me-parameter="remember-me"
			remember-me-cookie="remember-me" />

		<csrf disabled="true" />

		<session-management invalid-session-url="/logins">
			<concurrency-control max-sessions="1"
				error-if-maximum-exceeded="false" />
		</session-management> -->
		
	</http>

	<!-- secured method -->
<!-- 	<global-method-security
		secured-annotations="enabled"></global-method-security> -->


</b:beans>



