<?xml version="1.0" encoding="UTF-8"?>
<!DOCTYPE tiles-definitions PUBLIC
       "-//Apache Software Foundation//DTD Tiles Configuration 3.0//EN"
       "http://tiles.apache.org/dtds/tiles-config_3_0.dtd">
       
<!-- header는 menu로 대체할꺼니까 필요가 없고 body는 views에 있는 home.jsp와 product.jsp로 할것 -->
<!-- definition이름의 home과 products는 HomeController.java에 있는 리턴값 -->
<tiles-definitions>

	<definition name="base" template="/WEB-INF/tiles/layout.jsp">
		<put-attribute name="title" value="Hi AppleMango" />
		<put-attribute name="menu" value="/WEB-INF/tiles/menu.jsp" />
		<put-attribute name="footer" value="/WEB-INF/tiles/footer.jsp" />
	</definition>
	
	<definition name="home" extends="base">
		<put-attribute name="title" value="AppleMango" />
		<put-attribute name="body" value="/WEB-INF/views/home.jsp" />
	</definition>
	
	<definition name="logins" extends="base">
		<put-attribute name="title" value="AppleMango" />
		<put-attribute name="body" value="/WEB-INF/views/logins.jsp" />
	</definition>
	
	<definition name="registers" extends="base">
		<put-attribute name="title" value="AppleMango" />
		<put-attribute name="body" value="/WEB-INF/views/registers.jsp" />
	</definition>
	
	<definition name="infridge" extends="base">
		<put-attribute name="title" value="AppleMango" />
		<put-attribute name="body" value="/WEB-INF/views/infridge.jsp" />
	</definition>
	
	<definition name="logout" extends="base">
		<put-attribute name="title" value="AppleMango" />
		<put-attribute name="body" value="/WEB-INF/views/logout.jsp" />
	</definition>
	
	<definition name="signup" extends="base">
		<put-attribute name="title" value="AppleMango" />
		<put-attribute name="body" value="/WEB-INF/views/signup.jsp" />
	</definition>
	
	<definition name="totalRecipe" extends="base">
		<put-attribute name="title" value="AppleMango" />
		<put-attribute name="body" value="/WEB-INF/views/totalRecipe.jsp" />
	</definition>
	
	<definition name="detailTotalRecipe" extends="base">
		<put-attribute name="title" value="AppleMango" />
		<put-attribute name="body" value="/WEB-INF/views/detailTotalRecipe.jsp" />
	</definition>

	
	<definition name="scoreRegist" extends="base">
		<put-attribute name="title" value="AppleMango" />
		<put-attribute name="body" value="/WEB-INF/views/scoreRegist.jsp" />
	</definition>
	
	<definition name="totalRecommend" extends="base">
		<put-attribute name="title" value="AppleMango" />
		<put-attribute name="body" value="/WEB-INF/views/totalRecommend.jsp" />
	</definition>
	
	<definition name="detailRecommend" extends="base">
		<put-attribute name="title" value="AppleMango" />
		<put-attribute name="body" value="/WEB-INF/views/detailRecommend.jsp" />
	</definition>

	
</tiles-definitions>